Death ,Slayer,Death..banda.,Sepultura,Therion,Cannibal.Corpse,Cradle.Of.Filth,Morbid.Angel,Bloodbath,Vader,Overkill,Orphaned.Land,Deicide,Obituary,Fear.Factory,Saturnus,Bolt.Thrower,Tiamat,Celtic.Frost,Kataklysm,Strapping.Young.Lad,Immolation,Entombed,Warbringer,Havok,Evile,Six.Feet.Under,Old.Man.s.Child,Triptykon,Gorguts,Dismember,Pestilence,Cavalera.Conspiracy,Vital.Remains,Tankard,Revocation,Artillery,Autopsy,Possessed,Sigh,Crematory,Malevolent.Creation,Asphyx,Job.For.A.Cowboy,Grave,Nuclear.Assault,Evoken,In.Vain,Absu,Charon,Vomitory,Onslaught,Legion.Of.The.Damned,Flotsam.And.Jetsam,Hate,God.Dethroned,Suicidal.Angels,Sadus,Heavenwood,Incantation,Gama.Bomb,Aeon,Ouroboros,Benediction,Blood.Red.Throne,Gwar,Sacred.Reich,Tribulation,Gorefest,Sinister,The.Crown,Violator,Necrophobic,Monstrosity,Razor,Hail.Of.Bullets,Vio.lence,Angelus.Apatrida,Lazarus.A.D.,Prong,Morbid.Saint,Terrorizer,Witchery,Darkane,Demolition.Hammer,Agent.Steel,Brujeria,Fields.Of.The.Nephilim,Bonded.By.Blood,Divine.Heresy,Nervecell,Exumer,Hirax,Abysmal.Dawn,Vallenfyre,Sarc.fago,Whiplash,Morgoth,Paradox,Exhorder,Hatesphere,Illdisposed,Dew.Scented,Jungle.Rot,Savage.Messiah,Massacre,The.Monolith.Deathcult,Swashbuckle,Cannabis.Corpse,Xentrix,Exciter,Lich.King,D..th,Holy.Moses,Rigor.Mortis,Severe.Torture,Debauchery,Kronos,Dragged.Into.Sunlight,Hexen,Torture.Killer,Acrassicauda,Dead.Congregation,Demonical,Arsames,Mortal.Sin,The.Berzerker,Cancer,Entrails,Noctem,Tourniquet,Lock.Up,Miseration,Sulphur.Aeon,Macabre,Entombed.A.D.,Impaled,Ataraxie,Deceased,Horrendous,Lost.Society,Master,Atrocity,Charred.Walls.Of.The.Damned,Demonic.Resurrection,Evocation,Fleshcrawl,Necrophagia,Trepalium,Inborn.Suffering,Mokoma,Assassin,Brutality,Demigod,Rudra,Dismal.Euphony,Striker,Demonoid,Grip.Inc.,Pungent.Stench,Torchbearer,Agruss,Broken.Hope,Crisix,Fueled.By.Fire,Mortification,Nader.Sadek,Protector,Korzus,Atrophy,Dawn.Of.Demise,Torture.Squad,Morgion,Slaughter,Coffins,Cryptic.Wintermoon,Ghoul,Amoral,Desultory,Panzerchrist,The.Chasm,Criminal,Extreme.Noise.Terror,Herm.tica,Merciless,Netherion,Trauma,Zimmers.Hole,Dies.Irae,Nervosa,Obliteration,Arakain,Bulldozer,Deathchain,Desolate.Shrine,Holy.Terror,Sacrifice,Death.Breath,Izegrim,Stone,Carnal.Forge,Cemetary,Diamond.Plate,Disincarnate,Grave.Miasma,Hatriot,Hunter,Living.Sacrifice,One.Man.Army.And.The.Undead.Quartet,Ade,Cripper,Defiance,Demonica,Helltrain,Mantic.Ritual,Massacra,Runemagick,Thanatos,The.Rotted,Yyrkoon,Black.Fast,Liege.Lord,Loudblast,Nirvana.2002,Repugnant,Chthe.ilist,Cruciamentum,Divinity,Gruesome,The.Wretched.End,Advent.Sorrow,Ancient.Ascendant,Centinex,Convulse,Hackneyed,Landmine.Marathon,Ripping.Corpse,Blood.Tsunami,Narjahanam,Usurper,Battlesoul,Deathhammer,George.Kollias,Infern.l.M.jesty,Mortad,Red.Harvest,Resurrection
Heavy metal,Iron.Maiden,Metallica,Megadeth,Black.Sabbath,Judas.Priest,Pantera,Iced.Earth,Led.Zeppelin,Nevermore,Stratovarius,Dio,Anthrax,AC.DC,Mot.rhead,Manowar,Ozzy.Osbourne,Deep.Purple,King.Diamond,Alice.In.Chains,Accept,Annihilator,Ghost,Mercyful.Fate,Scorpions,Rainbow,Guns.N..Roses,Venom,Avenged.Sevenfold,W.A.S.P.,Black.Label.Society,Saxon,Firewind,Queensr.che,Alice.Cooper,KISS,Down,Grave.Digger,Running.Wild,Bruce.Dickinson,Demons.And.Wizards,Rage,Metal.Church,Danzig,Volbeat,Van.Halen,Joe.Satriani,Dream.Evil,Whitesnake,Mercenary,Skid.Row,X3.Inches.Of.Blood,Catamenia,Def.Leppard,Clutch,Heaven.And.Hell,Lordi,Alter.Bridge,Twisted.Sister,Axel.Rudi.Pell,Jorn,Thin.Lizzy,Airbourne,Grand.Magus,Uriah.Heep,Halford,Diamond.Head,Sinergy,I,Doro,Virgin.Steele,Anvil,Spiritual.Beggars,U.D.O.,Europe,Unisonic,Blue..yster.Cult,Dokken,M.go.De.Oz,Battle.Beast,Metsat.ll,Die.Apokalyptischen.Reiter,Persuader,Graveyard,Steel.Panther,Angel.Witch,Enforcer,Hell,Axxis,Riot.V,Gotthard,Thunderstone,Allen.Lande,Ratt,Rata.Blanca,UFO,At.Vance,Holy.Grail,Mezarkabul,Slash,Almah,Ark,Grim.Reaper,Iron.Fire,In.Solitude,Armored.Saint,Aria,Hibria,Manilla.Road,Bloodbound,Blaze.Bayley,Halestorm,Warlock,Rebellion,Astral.Doors,Civil.War,Freak.Kitchen,Pretty.Maids,Satan,The.Cult,Tierra.Santa,Black.Tide,Gary.Moore,Newsted,Royal.Thunder,Adrenaline.Mob,Loudness,Racer.X,Slough.Feg,White.Wizzard,Avalanch,Stryper,Forever.Storm,Raven,Revolution.Renaissance,Witchfinder.General,Saratoga,Tesla,Twilightning,Wolf,Impellitteri,The.Devil.s.Blood,Kingcrow,Quiet.Riot,Wolfmother,Unleash.The.Archers,Chrome.Division,Tank,Majesty,Skull.Fist,Warlord,Pink.Cream.69,Kat,SOiL,Saint.Deamon,Huntress,Warrant,Budgie,Cauldron,Cirith.Ungol,Crystal.Viper,Girlschool,Lita.Ford,Omen,Steel.Attack,Nightmare,Steelwing,Ashes.Of.Ares,Tygers.Of.Pan.Tang,Heavens.Gate,Nanowar.Of.Steel,Sinner,Crucified.Barbara,Lizzy.Borden,Almafuerte,Christian.Mistress,Onmyo.Za,Pharaoh,Kobra.And.The.Lotus,Winger,Armageddon,Atlantean.Kodex,Beautiful.Sin,Immortal.Souls,Sister.Sin,Cage,Elf,Fozzy,Lord,Shakra,Beyond.Fear,Blitzkrieg,Christopher.Lee,Fall.Of.The.Leafe,Michael.Schenker.s.Temple.Of.Rock,Mustasch,Tremonti,Bar.n.Rojo,Benedictum,Black.Country.Communion,Demon,Forsaken,Tokyo.Blade,Votum,Darkest.Era,Iommi,Kipelov,Ramp,Stormwitch,The.Hourglass,Alabama.Thunderpussy,Argus,Michael.Kiske,Turbo,Vinnie.Moore,Act.Of.Defiance,Dreamland,November.7,Pokolg.p,Steve.Harris,Arrayan.Path,Battleroar,Bullet,Dawnbringer,Dezperadoz,Machine.Men,Eden.s.Curse,Farshid.Arabi,Holocaust,Lonewolf,Priestess,,,,,,,,,,,,,,,,
Black Metal,Behemoth,Dimmu.Borgir,Immortal,Moonspell,Emperor,Burzum,Mayhem,Rotting.Christ,Satyricon,Darkthrone,Alcest,Primordial,Marduk,Ulver,Gorgoroth,Dark.Funeral,Anaal.Nathrakh,Watain,Samael,Belphegor,Falkenbach,Taake,Deathspell.Omega,Carpathian.Forest,Negur..Bunget,Vintersorg,X1349,Dark.Fortress,Keep.Of.Kalessin,Les.Discrets,M.negarm,Akercocke,Inquisition,Kauan,Limbonic.Art,Mg.a,Vreid,Nachtmystium,Nargaroth,In.The.Woods...,Zyklon,Amesoeurs,Kampfar,Forefather,The.Ruins.Of.Beverast,Impaled.Nazarene,Abbath,Tsjuder,Forgotten.Tomb,Beherit,Lord.Belial,Skyforger,Altar.Of.Plagues,Aura.Noir,Silencer,Enthroned,Behexen,Ragnarok,Abigor,Cobalt,Gehenna,Nortt,Urgehal,Ajattara,Mistur,Opera.IX,Bethlehem,Astarte,Cor.Scorpii,Cult.Of.Fire,Secrets.Of.The.Moon,Arckanum,Batushka,Myrkgrav,Sear.Bliss,Horna,God.Seed,Urfaust,Kroda,B.lzer,D.dheimsgard,Funeral.Mist,Isengard,Mithotyn,Sargeist,Krallice,Lunar.Aurora,Der.Weg.Einer.Freiheit,Judas.Iscariot,Myrkur,Nifelheim,Schammasch,Wyrd,Dolorian,Glorior.Belli,Todtgelichter,Nagelfar,Ov.Hell,Imperium.Dekadenz,Ved.Buens.Ende,Harakiri.For.The.Sky,Archgoat,Antestor,Infestus,Sacramentum,Helrunar,Ikuinen.Kaamos,Nocte.Obducta,Setherial,Skogen,Craft,Azaghal,Ondskapt,Morgul,Varathron,Adorned.Brood,Khors,Khold,Tombs,Antaeus,Aosoth,Loits,Manes,Mis.yrming,Devian,Dreadnought,Endstille,Root,Teitanblood,Abruptum,Carpe.Noctem,Code,Faal,Katharsis,Valkyrja,Autumnblaze,Barathrum,Ekove.Efrits,Negator,Nightbringer,Odious,Weakling,Crionics,Kekal,Slechtvalk,Svart.Crown,Al.Namrood,Drowning.The.Light,Hades.Almighty,Manslaughter,Salem,Satariel,Gallhammer,Eulen,Blaze.Of.Perdition,Byfrost,Hypomanie,Nasheim,Nazxul,Regarde.Les.Hommes.Tomber,Wormlust,Acherontas,Celeste,Christ.Agony,Crimson.Moonlight,M.tiilation,Sombres.For.ts,Voices,Aeveron,Aluk.Todolo,Grey.Heaven.Fall,Kriegsmaschine,M.rk.Gryning,Sarke,Seth,X.rst..ir.L.fsins,Doom,Krieg,Myrkskog,Necros.Christos,Abyssic.Hate,Alkerdeel,Ash.Borer,Besatt,Cirith.Gorgor,Den.Saakaldte,Fort..,Krypt,Revenge,Seeds.Of.Iblis,Darkened.Nocturn.Slaughtercult,Funeral.Mourning,Nazgul,Skitliv,,,,,,,,,,,,,,,,,,,,,,,,,,,,,,,,,,,,,,,,,,,,,,,,,,,,
Prog,Opeth,Dream.Theater,Amorphis,Tool,Symphony.X,Porcupine.Tree,Meshuggah,Ayreon,Devin.Townsend,Riverside,Pain.Of.Salvation,Cynic,In.Mourning,Evergrey,Leprous,Animals.As.Leaders,Yngwie.Malmsteen,Haken,Persefone,Myrath,Green.Carnation,Circus.Maximus,Barren.Earth,Voivod,Fates.Warning,Pagan.s.Mind,Seventh.Wonder,Control.Denied,Threshold,Jeff.Loomis,Adagio,Edenbridge,Into.Eternity,Soen,Star.One,Liquid.Tension.Experiment,Blotted.Science,Shadow.Gallery,Vanden.Plas,In.The.Silence,ReVamp,Communic,Nightingale,Anubis.Gate,Karnivool,OSI,Vulture.Industries,James.LaBrie,Redemption,Scale.The.Summit,Disillusion,Andromeda,Anciients,Blindead,Stam1na,DGM,Fair.To.Midland,Marty.Friedman,Caligula.s.Horse,Raintime,Amaseffer,Conception,Diablo,Psychotic.Waltz,Beyond.Twilight,Cormorant,Jason.Becker,Wolverine,Amiensus,Cacophony,Hacride,Exivious,Alchemist,Conquering.Dystopia,Guilt.Machine,ICS.Vortex,Sieges.Even,Vanishing.Point,Planet.X,Winds,Deadsoul.Tribe,Indukti,Triosphere,Cloudkicker,Jon.Oliva.s.Pain,Aghora,Dark.Suns,Rishloo,Zero.Hour,Jolly,Klone,Heljareyga,Suspyre,Taranis,Dissona,Spastic.Ink,Intervals,Pomegranate.Tiger,Arena,Chimp.Spanner,Hammers.Of.Misfortune,Kahtmayan,Subsignal,Subterranean.Masquerade,Ambeon,Shaolin.Death.Squad,Sunburst,Michael.Angelo.Batio,Native.Construct,Hammerforce,King.s.X,Biomechanical,K.lter,Chaos.Divine,The.Haarp.Machine,Timo.Tolkki,Derek.Sherinian,The.Black.Mages,Christian.Muenzner,Alarum,Headspace,Prototype,Spheric.Universe.Experience,Arch.Matheos,Demians,Dreamscape,Signum.Regis,Eyefear,Crystalic,Grayceon,Pressure.Points,Agora,Sun.Caged,Teramaze,Appearance.Of.Nothing,Cloudscape,Evil.Masquerade,Ghost.Ship.Octavius,Mind.s.Eye,Son.Of.Aurelius,,,,,,,,,,,,,,,,,,,,,,,,,,,,,,,,,,,,,,,,,,,,,,,,,,,,,,,,,,,,,,,,,,,,,,,,,,,,,,,,,,,,,,,,,,,,,,,,,,,,,,,,,,
Death Metal melódico,Amon.Amarth,Insomnium,Be.lakor,Kalmah,Carcass,Swallow.The.Sun,Hypocrisy,At.The.Gates,Dissection,Omnium.Gatherum,Scar.Symmetry,Eternal.Tears.Of.Sorrow,Sentenced,DevilDriver,Before.The.Dawn,Novembers.Doom,Dethklok,The.Black.Dahlia.Murder,Suidakra,Heaven.Shall.Burn,Sylosis,The.Haunted,Unleashed,Aborted,The.Agonist,Arsis,Daylight.Dies,Allegaeon,Slumber,Shadows.Fall,Rapture,Noumena,Black.Sun.Aeon,Wolfheart,Solution..45,Wolfchant,Nightrage,Dark.Lunacy,Darkest.Hour,Hollenthon,Blood.Stain.Child,Deadlock,Dominia,Threat.Signal,The.Absence,Zonaria,Fractal.Gates,Arkan,Thulcandra,Imperanon,Bloodshot.Dawn,Godgory,MaYaN,Babymetal,Battlecross,Dawn.Of.Tears,Susperia,Northland,Neaera,Nightfall,Words.Of.Farewell,Aeternam,Avatar,Soulfallen,The.Unguided,The.Duskfall,Tengger.Cavalry,Tracedawn,Raunchy,Shylmagoghnar,Enthrope,Starkill,Unanimated,Ablaze.In.Hatred,Aetherian,Dreamshade,Destinity,Gates.Of.Ishtar,Luna.Mortis,Detonation,X.ther.Realm,Krampus,Lunarsea,Inferi,Falchion,Nox.Aurea,Blind.Stare,System.Divide,Cadacross,Gormathon,Light.This.City,Wulfgar,Destrage,Sunless.Rise,Theory.In.Practice,Gloria.Morti,Decadence,Eucharist,Parasite.Inc.,The.Few.Against.Many,An.Abstract.Illusion,Gardenian,Depressed.Mode,Sons.Of.Aeon,Hoth,Naildown,Misanthrope,Orphanage,RoutaSielu,The.Arcane.Order,Autumnia,Chalice.Of.Doom,Fear.Of.Domination,Frequency.Of.Butterfly.Wings,Valtari,Ceremonial.Oath,Garden.Of.Shadows,Karlahan,Marionette,Dark.Flood,Inactive.Messiah,Okera,,,,,,,,,,,,,,,,,,,,,,,,,,,,,,,,,,,,,,,,,,,,,,,,,,,,,,,,,,,,,,,,,,,,,,,,,,,,,,,,,,,,,,,,,,,,,,,,,,,,,,,,,,,,,,,,,,,,,,,,,,,,
Power metal,Blind.Guardian,Helloween,Sonata.Arctica,Gamma.Ray,HammerFall,Sabaton,Edguy,DragonForce,Alestorm,Powerwolf,Primal.Fear,Freedom.Call,Elvenking,Falconer,Amaranthe,Lost.Horizon,Heavenly,Iron.Savior,Van.Canto,Galneryus,Cain.s.Offering,Battlelore,Nocturnal.Rites,Tarot,Gloryhammer,Bal.Sagoth,Orden.Ogan,X.Japan,Vision.Divine,Kiuas,Celesty,Brainstorm,Dreamtale,Blackguard,Stormwarrior,Savage.Circus,Machinae.Supremacy,Helstar,Versailles,Mystic.Prophecy,Power.Quest,Iron.Mask,Andre.Matos,WarCry,Wizard,Symfonia,Angel.Dust,Wisdom,Secret.Sphere,Twilight.Force,Axenstar,Mob.Rules,Ter.sbetoni,Black.Majesty,Metalium,Kotipelto,ReinXeed,Timeless.Miracle,Morgana.Lefay,Borealis,Magic.Kingdom,Timo.Tolkki.s.Avalon,Excalion,Alm.ra,Divinefire,Domine,Seven.Kingdoms,Trick.Or.Treat,Altaria,White.Skull,InnerWish,Olympos.Mons,Dawn.Of.Destiny,Narnia,SpellBlast,Human.Fortress,Cryonic.Temple,Highland.Glory,Saurom,Crom,Insania,Paragon,Crystal.Eyes,Concerto.Moon,Galloglass,Zonata,Shadowside,Symphorce,Armory,Nostradameus,Serious.Black,Supreme.Majesty,Forgotten.Tales,Sunrise,Arion,Guardians.Of.Time,Hangar,Meliah.Rage,Scanner,Seraphim,Sex.Machineguns,Skylark,Crystallion,,,,,,,,,,,,,,,,,,,,,,,,,,,,,,,,,,,,,,,,,,,,,,,,,,,,,,,,,,,,,,,,,,,,,,,,,,,,,,,,,,,,,,,,,,,,,,,,,,,,,,,,,,,,,,,,,,,,,,,,,,,,,,,,,,,,,,,,,,,,,,,
Tech Death,Nile,Necrophagist,Decapitated,Obscura,Suffocation,Dying.Fetus,Atheist,The.Faceless,Cryptopsy,Krisiun,Quo.Vadis,Origin,Beyond.Creation,Gorod,Hate.Eternal,Benighted,Psycroptic,Spawn.Of.Possession,Ulcerate,Decrepit.Birth,Hour.Of.Penance,Deeds.Of.Flesh,Anata,Augury,Devourment,Skinless,Neuraxis,Nocturnus.AD,Beneath.The.Massacre,Martyr,Brain.Drill,Defeated.Sanity,Scarab,Avulsed,Lost.Soul,Cerebral.Bore,X.T.O.O.H..,Abominable.Putridity,Archspire,Disgorge,Hannes.Grossmann,Mithras,Pathology,Man.Must.Die,Wormed,Gorgasm,Katalepsy,Putrid.Pile,Vehemence,Odious.Mortem,Abnormality,Prostitute.Disfigurement,Rivers.Of.Nihil,ScoX,Beheaded,Vale.Of.Pnath,Scarve,Sceptic,Wretched,Ingested,Obtest,Visceral.Bleeding,Severed.Savior,Viraemia,First.Fragment,Illogicist,Annotations.Of.An.Autopsy,Carcariass,Flourishing,Insision,Malignancy,,,,,,,,,,,,,,,,,,,,,,,,,,,,,,,,,,,,,,,,,,,,,,,,,,,,,,,,,,,,,,,,,,,,,,,,,,,,,,,,,,,,,,,,,,,,,,,,,,,,,,,,,,,,,,,,,,,,,,,,,,,,,,,,,,,,,,,,,,,,,,,,,,,,,,,,,,,,,,,,,,,,,,,,,,,,,,,
Alternativo,In.Flames,Rammstein,System.Of.A.Down,Slipknot,Disturbed,Korn,Soulfly,Ghost.Brigade,Deftones,Rage.Against.The.Machine,Nine.Inch.Nails,Faith.No.More,Rob.Zombie,Marilyn.Manson,Godsmack,Mudvayne,Stone.Sour,Ministry,Anorexia.Nervosa,White.Zombie,Primus,Static.X,Serj.Tankian,Sybreed,In.This.Moment,Atreyu,Godflesh,Drowning.Pool,Otep,The.Kovenant,Oomph.,Killing.Joke,Mushroomhead,Dir.En.Grey,KMFDM,Mnemic,Turmion.K.til.t,Kittie,Sevendust,Coal.Chamber,Ill.Ni.o,Eisbrecher,Scars.On.Broadway,Lindemann,Skindred,Clawfinger,Maximum.The.Hormone,Dredg,Waltari,...And.Oceans,Chevelle,Life.Of.Agony,Spineshank,Megaherz,American.Head.Charge,Scar.The.Martyr,Emigrate,Therapy.,Illidiance,Raubtier,Device,Filter,Nero.Di.Marte,Profane.Omen,,,,,,,,,,,,,,,,,,,,,,,,,,,,,,,,,,,,,,,,,,,,,,,,,,,,,,,,,,,,,,,,,,,,,,,,,,,,,,,,,,,,,,,,,,,,,,,,,,,,,,,,,,,,,,,,,,,,,,,,,,,,,,,,,,,,,,,,,,,,,,,,,,,,,,,,,,,,,,,,,,,,,,,,,,,,,,,,,,,,,,
Black metal Atmosférico,Agalloch,Summoning,Drudkh,Wolves.In.The.Throne.Room,S.lstafir,Blut.Aus.Nord,Uaral,A.Forest.Of.Stars,Caladan.Brood,Deafheaven,Fen,Woods.Of.Desolation,Saor,Aquilus,Dordeduh,Thurisaz,Abigail.Williams,Lantl.s,Wodensthrone,An.Autumn.For.Crippled.Children,Winterfylleth,Panopticon,Midnight.Odyssey,Lustre,The.Great.Old.Ones,Vallendusk,Lux.Occulta,Elysian.Blaze,Falls.Of.Rauros,Ancient.Wisdom,Downfall.Of.Nur,Progenie.Terrestre.Pura,Spectral.Lore,Menace.Ruine,Raventale,Forest.Silence,Mare.Cognitum,Skagos,Dr.psnatt,Arcana.Coelestia,Cold.Body.Radiation,Pillorian,Thronar,Chaos.Moon,Lychgate,Aes.Dana,Vordven,Sun.Devoured.Earth,Alda,Borgne,,,,,,,,,,,,,,,,,,,,,,,,,,,,,,,,,,,,,,,,,,,,,,,,,,,,,,,,,,,,,,,,,,,,,,,,,,,,,,,,,,,,,,,,,,,,,,,,,,,,,,,,,,,,,,,,,,,,,,,,,,,,,,,,,,,,,,,,,,,,,,,,,,,,,,,,,,,,,,,,,,,,,,,,,,,,,,,,,,,,,,,,,,,,,,,,,,,,
Gothic,Nightwish,Paradise.Lost,Within.Temptation,Lacuna.Coil,Tristania,Type.O.Negative,Xandria,Theatre.Of.Tragedy,Graveworm,Lacrimosa,Virgin.Black,Lake.Of.Tears,The.Foreshadowing,Lacrimas.Profundere,The.Vision.Bleak,The.69.Eyes,Trail.Of.Tears,Darkseed,UnSun,Midnattsol,Theatres.Des.Vampires,Beseech,Dark.The.Suns,Flowing.Tears,Madder.Mortem,Elis,Warrel.Dane,Darzamat,Throes.Of.Dawn,Silentium,Dawn.Of.Solace,Klimt.1918,ShamRain,Autumn,Macbeth,The.Old.Dead.Tree,Imperia,A.Pale.Horse.Named.Death,Mandragora.Scream,Mortal.Love,Darkwell,On.Thorns.I.Lay,Artrosis,Weeping.Silence,Enslavement.Of.Beauty,SpiRitual,To.Cast.A.Shadow,Coronatus,Forever.Slave,Saviour.Machine,Sinamore,Steelheart,Catafalque,Octavia.Sperati,X.xx..X..x,,,,,,,,,,,,,,,,,,,,,,,,,,,,,,,,,,,,,,,,,,,,,,,,,,,,,,,,,,,,,,,,,,,,,,,,,,,,,,,,,,,,,,,,,,,,,,,,,,,,,,,,,,,,,,,,,,,,,,,,,,,,,,,,,,,,,,,,,,,,,,,,,,,,,,,,,,,,,,,,,,,,,,,,,,,,,,,,,,,,,,,,,,,,,,,
Metalcore,Trivium,Protest.The.Hero,Hatebreed,Parkway.Drive,The.Dillinger.Escape.Plan,Unearth,Converge,Sonic.Syndicate,Bring.Me.The.Horizon,Caliban,Demon.Hunter,God.Forbid,After.The.Burial,Bleeding.Through,Architects,Dark.Age,Asking.Alexandria,Hypno5e,Anterior,ETHS,Cancer.Bats,X36.Crazyfists,Walls.Of.Jericho,Sanctity,Mindplotter,Misery.Signals,Breakdown.Of.Sanity,Descending,For.Today,The.Browning,Ion.Dissonance,Psyopus,Enter.Shikari,I.Killed.The.Prom.Queen,Norma.Jean,,,,,,,,,,,,,,,,,,,,,,,,,,,,,,,,,,,,,,,,,,,,,,,,,,,,,,,,,,,,,,,,,,,,,,,,,,,,,,,,,,,,,,,,,,,,,,,,,,,,,,,,,,,,,,,,,,,,,,,,,,,,,,,,,,,,,,,,,,,,,,,,,,,,,,,,,,,,,,,,,,,,,,,,,,,,,,,,,,,,,,,,,,,,,,,,,,,,,,,,,,,,,,,,,,,
Doom,Katatonia,Anathema,My.Dying.Bride,The.Gathering,Novembre,Antimatter,October.Tide,Forest.Of.Shadows,Mourning.Beloveth,Wine.From.Tears,Bilocate,Officium.Triste,Remembrance,Hanging.Garden,Kontinuum,Disembowelment,Ophis,Before.The.Rain,Hooded.Menace,Acid.Witch,Shattered.Hope,Kimaera,Eye.Of.Solitude,Longing.For.Dawn,Kuolemanlaakso,Mourning.Lenore,The.Prophecy,Winter,De.Profundis,Frailty,Unholy,My.Shameful,,,,,,,,,,,,,,,,,,,,,,,,,,,,,,,,,,,,,,,,,,,,,,,,,,,,,,,,,,,,,,,,,,,,,,,,,,,,,,,,,,,,,,,,,,,,,,,,,,,,,,,,,,,,,,,,,,,,,,,,,,,,,,,,,,,,,,,,,,,,,,,,,,,,,,,,,,,,,,,,,,,,,,,,,,,,,,,,,,,,,,,,,,,,,,,,,,,,,,,,,,,,,,,,,,,,,,
Sludge,Mastodon,Isis,Neurosis,Baroness,Cult.Of.Luna,The.Ocean,Atoma,Kylesa,Acid.Bath,Crowbar,Russian.Circles,Intronaut,Melvins,Jesu,Obscure.Sphinx,Rosetta,Eyehategod,Process.Of.Guilt,Subrosa,Year.Of.No.Light,Slugdge,Amenra,Mouth.Of.The.Architect,Sunset.In.The.12th.House,Burst,Superjoint.Ritual,Dirge,Minsk,Callisto,Nahemah,Kongh,Thou,Battle.Of.Mice,Bison.B.C.,Downfall.Of.Gaia,Sunpocrisy,Old.Man.Gloom,What.Mad.Universe,,,,,,,,,,,,,,,,,,,,,,,,,,,,,,,,,,,,,,,,,,,,,,,,,,,,,,,,,,,,,,,,,,,,,,,,,,,,,,,,,,,,,,,,,,,,,,,,,,,,,,,,,,,,,,,,,,,,,,,,,,,,,,,,,,,,,,,,,,,,,,,,,,,,,,,,,,,,,,,,,,,,,,,,,,,,,,,,,,,,,,,,,,,,,,,,,,,,,,,,,,,,,,,,
Stoner,Electric.Wizard,Kyuss,High.On.Fire,Soundgarden,Queens.Of.The.Stone.Age,The.Sword,Cathedral,Sleep,Corrosion.Of.Conformity,Hail.Spirit.Noir,Witchcraft,Red.Fang,Monster.Magnet,Orange.Goblin,Om,Earth,Yob,Boris,Ufomammut,Church.Of.Misery,Uncle.Acid...The.Deadbeats,Acid.King,Torche,Elder,Windhand,Planet.Of.Zeus,Sahg,Conan,Shrinebuilder,The.Flight.Of.Sleipnir,Karma.To.Burn,My.Sleeping.Karma,New.Keepers.Of.The.Water.Towers,The.Atlas.Moth,,,,,,,,,,,,,,,,,,,,,,,,,,,,,,,,,,,,,,,,,,,,,,,,,,,,,,,,,,,,,,,,,,,,,,,,,,,,,,,,,,,,,,,,,,,,,,,,,,,,,,,,,,,,,,,,,,,,,,,,,,,,,,,,,,,,,,,,,,,,,,,,,,,,,,,,,,,,,,,,,,,,,,,,,,,,,,,,,,,,,,,,,,,,,,,,,,,,,,,,,,,,,,,,,,,,
Progressive power,Angra,Savatage,Masterplan,Pyramaze,Wuthering.Heights,Crimson.Glory,While.Heaven.Wept,Theocracy,Labyrinth,Warmen,Shaman,Circle.II.Circle,Dark.Empire,Silent.Force,Aina,Manticora,Outworld,Tad.Morose,Viathyn,Elegy,Harmony,Ride.The.Sky,,,,,,,,,,,,,,,,,,,,,,,,,,,,,,,,,,,,,,,,,,,,,,,,,,,,,,,,,,,,,,,,,,,,,,,,,,,,,,,,,,,,,,,,,,,,,,,,,,,,,,,,,,,,,,,,,,,,,,,,,,,,,,,,,,,,,,,,,,,,,,,,,,,,,,,,,,,,,,,,,,,,,,,,,,,,,,,,,,,,,,,,,,,,,,,,,,,,,,,,,,,,,,,,,,,,,,,,,,,,,,,,
Funeral doom,Shape.Of.Despair,Ahab,Estatic.Fear,Esoteric,Doom.VS,Skepticism,Funeral,Mournful.Congregation,Colosseum,Trouble,Blood.Ceremony,Pantheist,Galadriel,Tyranny,Funeralium,Thergothon,Bell.Witch,When.Nothing.Remains,Worship,X1000.Funerals,The.Howling.Void,Catacombs,Comatose.Vigil,Until.Death.Overtakes.Me,Wormphlegm,Profetus,,,,,,,,,,,,,,,,,,,,,,,,,,,,,,,,,,,,,,,,,,,,,,,,,,,,,,,,,,,,,,,,,,,,,,,,,,,,,,,,,,,,,,,,,,,,,,,,,,,,,,,,,,,,,,,,,,,,,,,,,,,,,,,,,,,,,,,,,,,,,,,,,,,,,,,,,,,,,,,,,,,,,,,,,,,,,,,,,,,,,,,,,,,,,,,,,,,,,,,,,,,,,,,,,,,,,,,,,,,,
Folk,Korpiklaani,Turisas,T.r,Empyrium,Heidevolk,Dalriada,Skyclad,Svartsot,Trollfest,Bucovina,Falloch,Silent.Stream.Of.Godless.Elegy,Lyriel,Skiltron,Folkearth,Otyg,Fferyllt,Kalevala,Folkstone,Svartby,Yggdrasil,FEJD,,,,,,,,,,,,,,,,,,,,,,,,,,,,,,,,,,,,,,,,,,,,,,,,,,,,,,,,,,,,,,,,,,,,,,,,,,,,,,,,,,,,,,,,,,,,,,,,,,,,,,,,,,,,,,,,,,,,,,,,,,,,,,,,,,,,,,,,,,,,,,,,,,,,,,,,,,,,,,,,,,,,,,,,,,,,,,,,,,,,,,,,,,,,,,,,,,,,,,,,,,,,,,,,,,,,,,,,,,,,,,,,
Symphonic power,Kamelot,Rhapsody.Of.Fire,Avantasia,Dark.Moor,Dragonland,Luca.Turilli.s.Rhapsody,Luca.Turilli,Amberian.Dawn,Serenity,Royal.Hunt,Ancient.Bards,Fairyland,Pathfinder,Lunatica,Derdian,Keldian,Magica,Thy.Majestie,Leverage,Aquaria,Pythia,HolyHell,Symphonity,Darksun,,,,,,,,,,,,,,,,,,,,,,,,,,,,,,,,,,,,,,,,,,,,,,,,,,,,,,,,,,,,,,,,,,,,,,,,,,,,,,,,,,,,,,,,,,,,,,,,,,,,,,,,,,,,,,,,,,,,,,,,,,,,,,,,,,,,,,,,,,,,,,,,,,,,,,,,,,,,,,,,,,,,,,,,,,,,,,,,,,,,,,,,,,,,,,,,,,,,,,,,,,,,,,,,,,,,,,,,,,,,,,
Symphonic,Epica,Haggard,Diablo.Swing.Orchestra,Delain,Tarja,Visions.Of.Atlantis,Neurotech,Angtoria,Northern.Kings,Portal,Diabulus.In.Musica,Winds.Of.Plague,Cadaveria,Katra,Aesma.Daeva,Beyond.The.Black,Fjoergyn,Whyzdom,Lingua.Mortis.Orchestra,Stravaganzza,Dreams.Of.Sanity,Leah,Phantasma..NED.,The.Murder.Of.My.Sweet,Beto.V.zquez.Infinity,,,,,,,,,,,,,,,,,,,,,,,,,,,,,,,,,,,,,,,,,,,,,,,,,,,,,,,,,,,,,,,,,,,,,,,,,,,,,,,,,,,,,,,,,,,,,,,,,,,,,,,,,,,,,,,,,,,,,,,,,,,,,,,,,,,,,,,,,,,,,,,,,,,,,,,,,,,,,,,,,,,,,,,,,,,,,,,,,,,,,,,,,,,,,,,,,,,,,,,,,,,,,,,,,,,,,,,,,,,,,
Melodic black,Borknagar,Melechesh,Woods.Of.Ypres,Naglfar,Chthonic,Varg,Ancient,Dornenreich,Xanthochroid,Agrypnie,Siebenb.rgen,Hecate.Enthroned,Arafel,Arthemesia,Iskald,Daemonarch,Thy.Serpent,Istapp,Netherbird,Mystic.Circle,Semargl,Sworn,,,,,,,,,,,,,,,,,,,,,,,,,,,,,,,,,,,,,,,,,,,,,,,,,,,,,,,,,,,,,,,,,,,,,,,,,,,,,,,,,,,,,,,,,,,,,,,,,,,,,,,,,,,,,,,,,,,,,,,,,,,,,,,,,,,,,,,,,,,,,,,,,,,,,,,,,,,,,,,,,,,,,,,,,,,,,,,,,,,,,,,,,,,,,,,,,,,,,,,,,,,,,,,,,,,,,,,,,,,,,,,,
Groove/crossover trash,Lamb.Of.God,Napalm.Death,Chimaira,Municipal.Waste,Kvelertak,Toxic.Holocaust,Suicidal.Tendencies,D.R.I.,Stormtroopers.Of.Death,Ektomorf,Dagoba,Nails,Acid.Drinkers,Black.Tusk,Carnivore,Pro.Pain,The.Exploited,Nailbomb,Black.Flag,Today.Is.The.Day,Cryptic.Slaughter,,,,,,,,,,,,,,,,,,,,,,,,,,,,,,,,,,,,,,,,,,,,,,,,,,,,,,,,,,,,,,,,,,,,,,,,,,,,,,,,,,,,,,,,,,,,,,,,,,,,,,,,,,,,,,,,,,,,,,,,,,,,,,,,,,,,,,,,,,,,,,,,,,,,,,,,,,,,,,,,,,,,,,,,,,,,,,,,,,,,,,,,,,,,,,,,,,,,,,,,,,,,,,,,,,,,,,,,,,,,,,,,,
Avantgarde/Progressive black,Arcturus,Ihsahn,Solefald,Shining..NOR.,Mr..Bungle,Terra.Tenebrosa,Aenaon,Mirrorthrone,Akphaezya,Ephel.Duath,Fant.mas,Sleepytime.Gorilla.Museum,Transcending.Bizarre.,Virus,Peccatum,Estradasphere,Pan.thy.monium,Age.Of.Silence,Amogh.Symphony,Pryapisme,Hands.Of.Despair,,,,,,,,,,,,,,,,,,,,,,,,,,,,,,,,,,,,,,,,,,,,,,,,,,,,,,,,,,,,,,,,,,,,,,,,,,,,,,,,,,,,,,,,,,,,,,,,,,,,,,,,,,,,,,,,,,,,,,,,,,,,,,,,,,,,,,,,,,,,,,,,,,,,,,,,,,,,,,,,,,,,,,,,,,,,,,,,,,,,,,,,,,,,,,,,,,,,,,,,,,,,,,,,,,,,,,,,,,,,,,,,,
Viking/Black,Enslaved,Bathory,Windir,Thyrfing,Hellhammer,King.Of.Asgard,Ancient.Rites,Demonaz,Menhir,Dark.Forest,Nomans.Land,Helheim,Thrudvangar,Galar,Obscurity,,,,,,,,,,,,,,,,,,,,,,,,,,,,,,,,,,,,,,,,,,,,,,,,,,,,,,,,,,,,,,,,,,,,,,,,,,,,,,,,,,,,,,,,,,,,,,,,,,,,,,,,,,,,,,,,,,,,,,,,,,,,,,,,,,,,,,,,,,,,,,,,,,,,,,,,,,,,,,,,,,,,,,,,,,,,,,,,,,,,,,,,,,,,,,,,,,,,,,,,,,,,,,,,,,,,,,,,,,,,,,,,,,,,,,,
Depressive black,Shining,Xasthur,Gris,Lifelover,Thy.Light,Austere,Nocturnal.Depression,Pens.es.Nocturnes,Nyktalgia,Ghost.Bath,Heretoir,Germ,Anti,Happy.Days,Psychonaut.4,,,,,,,,,,,,,,,,,,,,,,,,,,,,,,,,,,,,,,,,,,,,,,,,,,,,,,,,,,,,,,,,,,,,,,,,,,,,,,,,,,,,,,,,,,,,,,,,,,,,,,,,,,,,,,,,,,,,,,,,,,,,,,,,,,,,,,,,,,,,,,,,,,,,,,,,,,,,,,,,,,,,,,,,,,,,,,,,,,,,,,,,,,,,,,,,,,,,,,,,,,,,,,,,,,,,,,,,,,,,,,,,,,,,,,,
Symphonic gothic,Sirenia,After.Forever,The.Sins.Of.Thy.Beloved,Penumbra,Krypteria,Nemesea,Elysion,Mortemia,Yearning,Blackthorn,Moi.Dix.Mois,Atargatis,,,,,,,,,,,,,,,,,,,,,,,,,,,,,,,,,,,,,,,,,,,,,,,,,,,,,,,,,,,,,,,,,,,,,,,,,,,,,,,,,,,,,,,,,,,,,,,,,,,,,,,,,,,,,,,,,,,,,,,,,,,,,,,,,,,,,,,,,,,,,,,,,,,,,,,,,,,,,,,,,,,,,,,,,,,,,,,,,,,,,,,,,,,,,,,,,,,,,,,,,,,,,,,,,,,,,,,,,,,,,,,,,,,,,,,,,,
,Dark.Tranquillity,Arch.Enemy,Eluveitie,Soilwork,Mors.Principium.Est,Disarmonia.Mundi,MyGrain,Dimension.Zero,Universum,Degradead,Deals.Death,Faithful.Darkness,Callenish.Circle,Amaran,Infinite.Tales,The.Blinded,,,,,,,,,,,,,,,,,,,,,,,,,,,,,,,,,,,,,,,,,,,,,,,,,,,,,,,,,,,,,,,,,,,,,,,,,,,,,,,,,,,,,,,,,,,,,,,,,,,,,,,,,,,,,,,,,,,,,,,,,,,,,,,,,,,,,,,,,,,,,,,,,,,,,,,,,,,,,,,,,,,,,,,,,,,,,,,,,,,,,,,,,,,,,,,,,,,,,,,,,,,,,,,,,,,,,,,,,,,,,,,,,,,,,,
,Ereb.Altor,Darkestrah,Belenos,Draugnim,Kawir,Nothgard,Bifr.st,Hammer.Horde,Bornholm,Tharaphita,Aaskereia,Gernotshagen,Mar.olea,Minas.Morgul,,,,,,,,,,,,,,,,,,,,,,,,,,,,,,,,,,,,,,,,,,,,,,,,,,,,,,,,,,,,,,,,,,,,,,,,,,,,,,,,,,,,,,,,,,,,,,,,,,,,,,,,,,,,,,,,,,,,,,,,,,,,,,,,,,,,,,,,,,,,,,,,,,,,,,,,,,,,,,,,,,,,,,,,,,,,,,,,,,,,,,,,,,,,,,,,,,,,,,,,,,,,,,,,,,,,,,,,,,,,,,,,,,,,,,,,
,Gojira,Edge.Of.Sanity,Fallujah,Kalisia,Mordab,Demilich,Black.Crown.Initiate,Extol,Feared,Mitochondrion,Sadist,Lascaille.s.Shroud,The.Provenance,,,,,,,,,,,,,,,,,,,,,,,,,,,,,,,,,,,,,,,,,,,,,,,,,,,,,,,,,,,,,,,,,,,,,,,,,,,,,,,,,,,,,,,,,,,,,,,,,,,,,,,,,,,,,,,,,,,,,,,,,,,,,,,,,,,,,,,,,,,,,,,,,,,,,,,,,,,,,,,,,,,,,,,,,,,,,,,,,,,,,,,,,,,,,,,,,,,,,,,,,,,,,,,,,,,,,,,,,,,,,,,,,,,,,,,,,
,Carach.Angren,Shade.Empire,Agathodaimon,Stormlord,Illnath,Vesania,Tvangeste,Dragonlord,Alghazanth,Le.Grand.Guignol,Welicoruss,Dekadent,The.Bishop.Of.Hexen,,,,,,,,,,,,,,,,,,,,,,,,,,,,,,,,,,,,,,,,,,,,,,,,,,,,,,,,,,,,,,,,,,,,,,,,,,,,,,,,,,,,,,,,,,,,,,,,,,,,,,,,,,,,,,,,,,,,,,,,,,,,,,,,,,,,,,,,,,,,,,,,,,,,,,,,,,,,,,,,,,,,,,,,,,,,,,,,,,,,,,,,,,,,,,,,,,,,,,,,,,,,,,,,,,,,,,,,,,,,,,,,,,,,,,,,,
,Moonsorrow,Equilibrium,Einherjer,Sk.lm.ld,Lumsk,XIV.Dark.Centuries,Heathen.Foray,Gwydion,X.smegin,Runic,Glittertind,Irminsul,,,,,,,,,,,,,,,,,,,,,,,,,,,,,,,,,,,,,,,,,,,,,,,,,,,,,,,,,,,,,,,,,,,,,,,,,,,,,,,,,,,,,,,,,,,,,,,,,,,,,,,,,,,,,,,,,,,,,,,,,,,,,,,,,,,,,,,,,,,,,,,,,,,,,,,,,,,,,,,,,,,,,,,,,,,,,,,,,,,,,,,,,,,,,,,,,,,,,,,,,,,,,,,,,,,,,,,,,,,,,,,,,,,,,,,,,,
,Pig.Destroyer,Nasum,Cephalic.Carnage,Brutal.Truth,Rotten.Sound,Agoraphobic.Nosebleed,Repulsion,Wormrot,Anal.Cunt,Magrudergrind,Fuck.The.Facts,Insect.Warfare,Circle.Of.Dead.Children,,,,,,,,,,,,,,,,,,,,,,,,,,,,,,,,,,,,,,,,,,,,,,,,,,,,,,,,,,,,,,,,,,,,,,,,,,,,,,,,,,,,,,,,,,,,,,,,,,,,,,,,,,,,,,,,,,,,,,,,,,,,,,,,,,,,,,,,,,,,,,,,,,,,,,,,,,,,,,,,,,,,,,,,,,,,,,,,,,,,,,,,,,,,,,,,,,,,,,,,,,,,,,,,,,,,,,,,,,,,,,,,,,,,,,,,,
,Children.Of.Bodom,Wintersun,Norther,Between.The.Buried.And.Me,Skyfire,Whispered,SikTh,The.Human.Abstract,Becoming.The.Archetype,Euphoreon,Mutiny.Within,Crimson.Shadows,Frosttide,Destroy.Destroy.Destroy,,,,,,,,,,,,,,,,,,,,,,,,,,,,,,,,,,,,,,,,,,,,,,,,,,,,,,,,,,,,,,,,,,,,,,,,,,,,,,,,,,,,,,,,,,,,,,,,,,,,,,,,,,,,,,,,,,,,,,,,,,,,,,,,,,,,,,,,,,,,,,,,,,,,,,,,,,,,,,,,,,,,,,,,,,,,,,,,,,,,,,,,,,,,,,,,,,,,,,,,,,,,,,,,,,,,,,,,,,,,,,,,,,,,,,,,
,The.3rd.And.The.Mortal,Lethian.Dreams,The.Fall.Of.Every.Season,Clouds,Ixion,Evereve,Todesbonden,Blazing.Eternity,Akelei,,,,,,,,,,,,,,,,,,,,,,,,,,,,,,,,,,,,,,,,,,,,,,,,,,,,,,,,,,,,,,,,,,,,,,,,,,,,,,,,,,,,,,,,,,,,,,,,,,,,,,,,,,,,,,,,,,,,,,,,,,,,,,,,,,,,,,,,,,,,,,,,,,,,,,,,,,,,,,,,,,,,,,,,,,,,,,,,,,,,,,,,,,,,,,,,,,,,,,,,,,,,,,,,,,,,,,,,,,,,,,,,,,,,,,,,,,,,,
,TesseracT,Textures,Periphery,Vildhjarta,Uneven.Structure,Skyharbor,Monuments,Paul.Wardingham,Volumes,,,,,,,,,,,,,,,,,,,,,,,,,,,,,,,,,,,,,,,,,,,,,,,,,,,,,,,,,,,,,,,,,,,,,,,,,,,,,,,,,,,,,,,,,,,,,,,,,,,,,,,,,,,,,,,,,,,,,,,,,,,,,,,,,,,,,,,,,,,,,,,,,,,,,,,,,,,,,,,,,,,,,,,,,,,,,,,,,,,,,,,,,,,,,,,,,,,,,,,,,,,,,,,,,,,,,,,,,,,,,,,,,,,,,,,,,,,,,
,HIM,Poisonblack,Entwine,To.Die.For,For.My.Pain,The.Man.Eating.Tree,Negative,Lullacry,End.Of.You,Reflexion,,,,,,,,,,,,,,,,,,,,,,,,,,,,,,,,,,,,,,,,,,,,,,,,,,,,,,,,,,,,,,,,,,,,,,,,,,,,,,,,,,,,,,,,,,,,,,,,,,,,,,,,,,,,,,,,,,,,,,,,,,,,,,,,,,,,,,,,,,,,,,,,,,,,,,,,,,,,,,,,,,,,,,,,,,,,,,,,,,,,,,,,,,,,,,,,,,,,,,,,,,,,,,,,,,,,,,,,,,,,,,,,,,,,,,,,,,,,
,Skeletonwitch,Goatwhore,Destr.yer.666,Desaster,Azarath,Aeternus,Abyssal,Emptiness,X.vangelist,Necrodeath,Acheron,Angelcorpse,Antediluvian,,,,,,,,,,,,,,,,,,,,,,,,,,,,,,,,,,,,,,,,,,,,,,,,,,,,,,,,,,,,,,,,,,,,,,,,,,,,,,,,,,,,,,,,,,,,,,,,,,,,,,,,,,,,,,,,,,,,,,,,,,,,,,,,,,,,,,,,,,,,,,,,,,,,,,,,,,,,,,,,,,,,,,,,,,,,,,,,,,,,,,,,,,,,,,,,,,,,,,,,,,,,,,,,,,,,,,,,,,,,,,,,,,,,,,,,,
,Testament,Exodus,Death.Angel,Dark.Angel,Forbidden,Heathen,L..z.Rockit,Hatchet,,,,,,,,,,,,,,,,,,,,,,,,,,,,,,,,,,,,,,,,,,,,,,,,,,,,,,,,,,,,,,,,,,,,,,,,,,,,,,,,,,,,,,,,,,,,,,,,,,,,,,,,,,,,,,,,,,,,,,,,,,,,,,,,,,,,,,,,,,,,,,,,,,,,,,,,,,,,,,,,,,,,,,,,,,,,,,,,,,,,,,,,,,,,,,,,,,,,,,,,,,,,,,,,,,,,,,,,,,,,,,,,,,,,,,,,,,,,,,
,Whitechapel,All.Shall.Perish,Suicide.Silence,Carnifex,Veil.Of.Maya,Despised.Icon,As.Blood.Runs.Black,Thy.Art.Is.Murder,Chelsea.Grin,Impending.Doom,The.Red.Chord,,,,,,,,,,,,,,,,,,,,,,,,,,,,,,,,,,,,,,,,,,,,,,,,,,,,,,,,,,,,,,,,,,,,,,,,,,,,,,,,,,,,,,,,,,,,,,,,,,,,,,,,,,,,,,,,,,,,,,,,,,,,,,,,,,,,,,,,,,,,,,,,,,,,,,,,,,,,,,,,,,,,,,,,,,,,,,,,,,,,,,,,,,,,,,,,,,,,,,,,,,,,,,,,,,,,,,,,,,,,,,,,,,,,,,,,,,,
,Pain,Sunn.O...,The.Angelic.Process,Thorns,Nadja,Mortiis,Aborym,Troll,Omega.Lithium,The.Axis.Of.Perdition,Horseback,,,,,,,,,,,,,,,,,,,,,,,,,,,,,,,,,,,,,,,,,,,,,,,,,,,,,,,,,,,,,,,,,,,,,,,,,,,,,,,,,,,,,,,,,,,,,,,,,,,,,,,,,,,,,,,,,,,,,,,,,,,,,,,,,,,,,,,,,,,,,,,,,,,,,,,,,,,,,,,,,,,,,,,,,,,,,,,,,,,,,,,,,,,,,,,,,,,,,,,,,,,,,,,,,,,,,,,,,,,,,,,,,,,,,,,,,,,
,Machine.Head,Vektor,Coroner,Toxik,Mekong.Delta,Watchtower,Anacrusis,Believer,Realm,Coprofago,Empyrios,,,,,,,,,,,,,,,,,,,,,,,,,,,,,,,,,,,,,,,,,,,,,,,,,,,,,,,,,,,,,,,,,,,,,,,,,,,,,,,,,,,,,,,,,,,,,,,,,,,,,,,,,,,,,,,,,,,,,,,,,,,,,,,,,,,,,,,,,,,,,,,,,,,,,,,,,,,,,,,,,,,,,,,,,,,,,,,,,,,,,,,,,,,,,,,,,,,,,,,,,,,,,,,,,,,,,,,,,,,,,,,,,,,,,,,,,,,
,Ne.Obliviscaris,Unexpect,Witherscape,Dan.Swan.,Alkaloid,Stolen.Babies,Obsidian.Kingdom,Oceans.Of.Sadness,Oceans.Of.Slumber,Ram.Zet,X.rkenkj.tt,,,,,,,,,,,,,,,,,,,,,,,,,,,,,,,,,,,,,,,,,,,,,,,,,,,,,,,,,,,,,,,,,,,,,,,,,,,,,,,,,,,,,,,,,,,,,,,,,,,,,,,,,,,,,,,,,,,,,,,,,,,,,,,,,,,,,,,,,,,,,,,,,,,,,,,,,,,,,,,,,,,,,,,,,,,,,,,,,,,,,,,,,,,,,,,,,,,,,,,,,,,,,,,,,,,,,,,,,,,,,,,,,,,,,,,,,,,
,Darkspace,Leviathan,ColdWorld,October.Falls,Lurker.Of.Chalice,Murmu.re,Striborg,Trist,,,,,,,,,,,,,,,,,,,,,,,,,,,,,,,,,,,,,,,,,,,,,,,,,,,,,,,,,,,,,,,,,,,,,,,,,,,,,,,,,,,,,,,,,,,,,,,,,,,,,,,,,,,,,,,,,,,,,,,,,,,,,,,,,,,,,,,,,,,,,,,,,,,,,,,,,,,,,,,,,,,,,,,,,,,,,,,,,,,,,,,,,,,,,,,,,,,,,,,,,,,,,,,,,,,,,,,,,,,,,,,,,,,,,,,,,,,,,,
,Arkona,Finsterforst,Black.Messiah,Alkonost,Kromlek,Butterfly.Temple,Skuggsj.,Odroerir,Nevid,,,,,,,,,,,,,,,,,,,,,,,,,,,,,,,,,,,,,,,,,,,,,,,,,,,,,,,,,,,,,,,,,,,,,,,,,,,,,,,,,,,,,,,,,,,,,,,,,,,,,,,,,,,,,,,,,,,,,,,,,,,,,,,,,,,,,,,,,,,,,,,,,,,,,,,,,,,,,,,,,,,,,,,,,,,,,,,,,,,,,,,,,,,,,,,,,,,,,,,,,,,,,,,,,,,,,,,,,,,,,,,,,,,,,,,,,,,,,
,Stream.Of.Passion,Voyager,To.Mera,The.Gentle.Storm,Echoes.Of.Eternity,Sons.Of.Seasons,Mechanical.Poet,,,,,,,,,,,,,,,,,,,,,,,,,,,,,,,,,,,,,,,,,,,,,,,,,,,,,,,,,,,,,,,,,,,,,,,,,,,,,,,,,,,,,,,,,,,,,,,,,,,,,,,,,,,,,,,,,,,,,,,,,,,,,,,,,,,,,,,,,,,,,,,,,,,,,,,,,,,,,,,,,,,,,,,,,,,,,,,,,,,,,,,,,,,,,,,,,,,,,,,,,,,,,,,,,,,,,,,,,,,,,,,,,,,,,,,,,,,,,,,
,Rush,Steven.Wilson,King.Crimson,Steve.Vai,Blackfield,Marillion,Devil.Doll,Arjen.Anthony.Lucassen,Three,Phideaux,Thank.You.Scientist,,,,,,,,,,,,,,,,,,,,,,,,,,,,,,,,,,,,,,,,,,,,,,,,,,,,,,,,,,,,,,,,,,,,,,,,,,,,,,,,,,,,,,,,,,,,,,,,,,,,,,,,,,,,,,,,,,,,,,,,,,,,,,,,,,,,,,,,,,,,,,,,,,,,,,,,,,,,,,,,,,,,,,,,,,,,,,,,,,,,,,,,,,,,,,,,,,,,,,,,,,,,,,,,,,,,,,,,,,,,,,,,,,,,,,,,,,,
,Candlemass,Isole,Warning,Solstice,,,,,,,,,,,,,,,,,,,,,,,,,,,,,,,,,,,,,,,,,,,,,,,,,,,,,,,,,,,,,,,,,,,,,,,,,,,,,,,,,,,,,,,,,,,,,,,,,,,,,,,,,,,,,,,,,,,,,,,,,,,,,,,,,,,,,,,,,,,,,,,,,,,,,,,,,,,,,,,,,,,,,,,,,,,,,,,,,,,,,,,,,,,,,,,,,,,,,,,,,,,,,,,,,,,,,,,,,,,,,,,,,,,,,,,,,,,,,,,,,,
,Draconian,Enshine,Trees.Of.Eternity,Helevorn,Ava.Inferi,Ashes.You.Leave,How.Like.A.Winter,Avrigus,,,,,,,,,,,,,,,,,,,,,,,,,,,,,,,,,,,,,,,,,,,,,,,,,,,,,,,,,,,,,,,,,,,,,,,,,,,,,,,,,,,,,,,,,,,,,,,,,,,,,,,,,,,,,,,,,,,,,,,,,,,,,,,,,,,,,,,,,,,,,,,,,,,,,,,,,,,,,,,,,,,,,,,,,,,,,,,,,,,,,,,,,,,,,,,,,,,,,,,,,,,,,,,,,,,,,,,,,,,,,,,,,,,,,,,,,,,,,,
,Kreator,Sodom,Destruction,,,,,,,,,,,,,,,,,,,,,,,,,,,,,,,,,,,,,,,,,,,,,,,,,,,,,,,,,,,,,,,,,,,,,,,,,,,,,,,,,,,,,,,,,,,,,,,,,,,,,,,,,,,,,,,,,,,,,,,,,,,,,,,,,,,,,,,,,,,,,,,,,,,,,,,,,,,,,,,,,,,,,,,,,,,,,,,,,,,,,,,,,,,,,,,,,,,,,,,,,,,,,,,,,,,,,,,,,,,,,,,,,,,,,,,,,,,,,,,,,,,
,Wilderun,Kivimets.n.Druidi,Crimfall,,,,,,,,,,,,,,,,,,,,,,,,,,,,,,,,,,,,,,,,,,,,,,,,,,,,,,,,,,,,,,,,,,,,,,,,,,,,,,,,,,,,,,,,,,,,,,,,,,,,,,,,,,,,,,,,,,,,,,,,,,,,,,,,,,,,,,,,,,,,,,,,,,,,,,,,,,,,,,,,,,,,,,,,,,,,,,,,,,,,,,,,,,,,,,,,,,,,,,,,,,,,,,,,,,,,,,,,,,,,,,,,,,,,,,,,,,,,,,,,,,,
,Thrawsunblat,SIG.AR.TYR,Storm,,,,,,,,,,,,,,,,,,,,,,,,,,,,,,,,,,,,,,,,,,,,,,,,,,,,,,,,,,,,,,,,,,,,,,,,,,,,,,,,,,,,,,,,,,,,,,,,,,,,,,,,,,,,,,,,,,,,,,,,,,,,,,,,,,,,,,,,,,,,,,,,,,,,,,,,,,,,,,,,,,,,,,,,,,,,,,,,,,,,,,,,,,,,,,,,,,,,,,,,,,,,,,,,,,,,,,,,,,,,,,,,,,,,,,,,,,,,,,,,,,,
,Noekk,Poema.Arcanus,Rise.Of.Avernus,,,,,,,,,,,,,,,,,,,,,,,,,,,,,,,,,,,,,,,,,,,,,,,,,,,,,,,,,,,,,,,,,,,,,,,,,,,,,,,,,,,,,,,,,,,,,,,,,,,,,,,,,,,,,,,,,,,,,,,,,,,,,,,,,,,,,,,,,,,,,,,,,,,,,,,,,,,,,,,,,,,,,,,,,,,,,,,,,,,,,,,,,,,,,,,,,,,,,,,,,,,,,,,,,,,,,,,,,,,,,,,,,,,,,,,,,,,,,,,,,,,
,Septicflesh,Fleshgod.Apocalypse,Born.Of.Osiris,Ex.Deo,Make.Them.Suffer,Ovid.s.Withering,Betraying.The.Martyrs,,,,,,,,,,,,,,,,,,,,,,,,,,,,,,,,,,,,,,,,,,,,,,,,,,,,,,,,,,,,,,,,,,,,,,,,,,,,,,,,,,,,,,,,,,,,,,,,,,,,,,,,,,,,,,,,,,,,,,,,,,,,,,,,,,,,,,,,,,,,,,,,,,,,,,,,,,,,,,,,,,,,,,,,,,,,,,,,,,,,,,,,,,,,,,,,,,,,,,,,,,,,,,,,,,,,,,,,,,,,,,,,,,,,,,,,,,,,,,,
,In.Extremo,Blackmore.s.Night,Subway.To.Sally,Saltatio.Mortis,Schandmaul,,,,,,,,,,,,,,,,,,,,,,,,,,,,,,,,,,,,,,,,,,,,,,,,,,,,,,,,,,,,,,,,,,,,,,,,,,,,,,,,,,,,,,,,,,,,,,,,,,,,,,,,,,,,,,,,,,,,,,,,,,,,,,,,,,,,,,,,,,,,,,,,,,,,,,,,,,,,,,,,,,,,,,,,,,,,,,,,,,,,,,,,,,,,,,,,,,,,,,,,,,,,,,,,,,,,,,,,,,,,,,,,,,,,,,,,,,,,,,,,,
,Cruachan,Tuatha.De.Danann,Waylander,Heol.Telwen,Bran.Barr,,,,,,,,,,,,,,,,,,,,,,,,,,,,,,,,,,,,,,,,,,,,,,,,,,,,,,,,,,,,,,,,,,,,,,,,,,,,,,,,,,,,,,,,,,,,,,,,,,,,,,,,,,,,,,,,,,,,,,,,,,,,,,,,,,,,,,,,,,,,,,,,,,,,,,,,,,,,,,,,,,,,,,,,,,,,,,,,,,,,,,,,,,,,,,,,,,,,,,,,,,,,,,,,,,,,,,,,,,,,,,,,,,,,,,,,,,,,,,,,,
,Pelican,Toundra,,,,,,,,,,,,,,,,,,,,,,,,,,,,,,,,,,,,,,,,,,,,,,,,,,,,,,,,,,,,,,,,,,,,,,,,,,,,,,,,,,,,,,,,,,,,,,,,,,,,,,,,,,,,,,,,,,,,,,,,,,,,,,,,,,,,,,,,,,,,,,,,,,,,,,,,,,,,,,,,,,,,,,,,,,,,,,,,,,,,,,,,,,,,,,,,,,,,,,,,,,,,,,,,,,,,,,,,,,,,,,,,,,,,,,,,,,,,,,,,,,,,
,Luca.Turilli.s.Dreamquest,Dol.Ammad,,,,,,,,,,,,,,,,,,,,,,,,,,,,,,,,,,,,,,,,,,,,,,,,,,,,,,,,,,,,,,,,,,,,,,,,,,,,,,,,,,,,,,,,,,,,,,,,,,,,,,,,,,,,,,,,,,,,,,,,,,,,,,,,,,,,,,,,,,,,,,,,,,,,,,,,,,,,,,,,,,,,,,,,,,,,,,,,,,,,,,,,,,,,,,,,,,,,,,,,,,,,,,,,,,,,,,,,,,,,,,,,,,,,,,,,,,,,,,,,,,,,
,Sanctuary,Jag.Panzer,Vicious.Rumors,Fifth.Angel,Rob.Rock,Attacker,,,,,,,,,,,,,,,,,,,,,,,,,,,,,,,,,,,,,,,,,,,,,,,,,,,,,,,,,,,,,,,,,,,,,,,,,,,,,,,,,,,,,,,,,,,,,,,,,,,,,,,,,,,,,,,,,,,,,,,,,,,,,,,,,,,,,,,,,,,,,,,,,,,,,,,,,,,,,,,,,,,,,,,,,,,,,,,,,,,,,,,,,,,,,,,,,,,,,,,,,,,,,,,,,,,,,,,,,,,,,,,,,,,,,,,,,,,,,,,,
,Lord.Mantis,Coffinworm,Indian,Inter.Arma,,,,,,,,,,,,,,,,,,,,,,,,,,,,,,,,,,,,,,,,,,,,,,,,,,,,,,,,,,,,,,,,,,,,,,,,,,,,,,,,,,,,,,,,,,,,,,,,,,,,,,,,,,,,,,,,,,,,,,,,,,,,,,,,,,,,,,,,,,,,,,,,,,,,,,,,,,,,,,,,,,,,,,,,,,,,,,,,,,,,,,,,,,,,,,,,,,,,,,,,,,,,,,,,,,,,,,,,,,,,,,,,,,,,,,,,,,,,,,,,,,
,Killswitch.Engage,As.I.Lay.Dying,Bullet.For.My.Valentine,All.That.Remains,Times.Of.Grace,,,,,,,,,,,,,,,,,,,,,,,,,,,,,,,,,,,,,,,,,,,,,,,,,,,,,,,,,,,,,,,,,,,,,,,,,,,,,,,,,,,,,,,,,,,,,,,,,,,,,,,,,,,,,,,,,,,,,,,,,,,,,,,,,,,,,,,,,,,,,,,,,,,,,,,,,,,,,,,,,,,,,,,,,,,,,,,,,,,,,,,,,,,,,,,,,,,,,,,,,,,,,,,,,,,,,,,,,,,,,,,,,,,,,,,,,,,,,,,,,
,Thy.Catafalque,Diabolical.Masquerade,Cloak.Of.Altering,Zeal.And.Ardor,Sun.Of.The.Blind,,,,,,,,,,,,,,,,,,,,,,,,,,,,,,,,,,,,,,,,,,,,,,,,,,,,,,,,,,,,,,,,,,,,,,,,,,,,,,,,,,,,,,,,,,,,,,,,,,,,,,,,,,,,,,,,,,,,,,,,,,,,,,,,,,,,,,,,,,,,,,,,,,,,,,,,,,,,,,,,,,,,,,,,,,,,,,,,,,,,,,,,,,,,,,,,,,,,,,,,,,,,,,,,,,,,,,,,,,,,,,,,,,,,,,,,,,,,,,,,,
,Cattle.Decapitation,Misery.Index,Exhumed,Mortician,Regurgitate,,,,,,,,,,,,,,,,,,,,,,,,,,,,,,,,,,,,,,,,,,,,,,,,,,,,,,,,,,,,,,,,,,,,,,,,,,,,,,,,,,,,,,,,,,,,,,,,,,,,,,,,,,,,,,,,,,,,,,,,,,,,,,,,,,,,,,,,,,,,,,,,,,,,,,,,,,,,,,,,,,,,,,,,,,,,,,,,,,,,,,,,,,,,,,,,,,,,,,,,,,,,,,,,,,,,,,,,,,,,,,,,,,,,,,,,,,,,,,,,,
,M.tley.Cr.e,Cinderella,Hardcore.Superstar,Crashd.et,Hanoi.Rocks,,,,,,,,,,,,,,,,,,,,,,,,,,,,,,,,,,,,,,,,,,,,,,,,,,,,,,,,,,,,,,,,,,,,,,,,,,,,,,,,,,,,,,,,,,,,,,,,,,,,,,,,,,,,,,,,,,,,,,,,,,,,,,,,,,,,,,,,,,,,,,,,,,,,,,,,,,,,,,,,,,,,,,,,,,,,,,,,,,,,,,,,,,,,,,,,,,,,,,,,,,,,,,,,,,,,,,,,,,,,,,,,,,,,,,,,,,,,,,,,,
,Gnaw.Their.Tongues,The.Meads.Of.Asphodel,Botanist,,,,,,,,,,,,,,,,,,,,,,,,,,,,,,,,,,,,,,,,,,,,,,,,,,,,,,,,,,,,,,,,,,,,,,,,,,,,,,,,,,,,,,,,,,,,,,,,,,,,,,,,,,,,,,,,,,,,,,,,,,,,,,,,,,,,,,,,,,,,,,,,,,,,,,,,,,,,,,,,,,,,,,,,,,,,,,,,,,,,,,,,,,,,,,,,,,,,,,,,,,,,,,,,,,,,,,,,,,,,,,,,,,,,,,,,,,,,,,,,,,,
,Ensiferum,Finntroll,Brymir,,,,,,,,,,,,,,,,,,,,,,,,,,,,,,,,,,,,,,,,,,,,,,,,,,,,,,,,,,,,,,,,,,,,,,,,,,,,,,,,,,,,,,,,,,,,,,,,,,,,,,,,,,,,,,,,,,,,,,,,,,,,,,,,,,,,,,,,,,,,,,,,,,,,,,,,,,,,,,,,,,,,,,,,,,,,,,,,,,,,,,,,,,,,,,,,,,,,,,,,,,,,,,,,,,,,,,,,,,,,,,,,,,,,,,,,,,,,,,,,,,,
,Oranssi.Pazuzu,Verdunkeln,Arizmenda,,,,,,,,,,,,,,,,,,,,,,,,,,,,,,,,,,,,,,,,,,,,,,,,,,,,,,,,,,,,,,,,,,,,,,,,,,,,,,,,,,,,,,,,,,,,,,,,,,,,,,,,,,,,,,,,,,,,,,,,,,,,,,,,,,,,,,,,,,,,,,,,,,,,,,,,,,,,,,,,,,,,,,,,,,,,,,,,,,,,,,,,,,,,,,,,,,,,,,,,,,,,,,,,,,,,,,,,,,,,,,,,,,,,,,,,,,,,,,,,,,,
,Five.Finger.Death.Punch,Damageplan,Killer.Be.Killed,,,,,,,,,,,,,,,,,,,,,,,,,,,,,,,,,,,,,,,,,,,,,,,,,,,,,,,,,,,,,,,,,,,,,,,,,,,,,,,,,,,,,,,,,,,,,,,,,,,,,,,,,,,,,,,,,,,,,,,,,,,,,,,,,,,,,,,,,,,,,,,,,,,,,,,,,,,,,,,,,,,,,,,,,,,,,,,,,,,,,,,,,,,,,,,,,,,,,,,,,,,,,,,,,,,,,,,,,,,,,,,,,,,,,,,,,,,,,,,,,,,
,Mechina,The.Project.Hate.MCMXCIX,The.Amenta,,,,,,,,,,,,,,,,,,,,,,,,,,,,,,,,,,,,,,,,,,,,,,,,,,,,,,,,,,,,,,,,,,,,,,,,,,,,,,,,,,,,,,,,,,,,,,,,,,,,,,,,,,,,,,,,,,,,,,,,,,,,,,,,,,,,,,,,,,,,,,,,,,,,,,,,,,,,,,,,,,,,,,,,,,,,,,,,,,,,,,,,,,,,,,,,,,,,,,,,,,,,,,,,,,,,,,,,,,,,,,,,,,,,,,,,,,,,,,,,,,,
,Deathstars,ASP,,,,,,,,,,,,,,,,,,,,,,,,,,,,,,,,,,,,,,,,,,,,,,,,,,,,,,,,,,,,,,,,,,,,,,,,,,,,,,,,,,,,,,,,,,,,,,,,,,,,,,,,,,,,,,,,,,,,,,,,,,,,,,,,,,,,,,,,,,,,,,,,,,,,,,,,,,,,,,,,,,,,,,,,,,,,,,,,,,,,,,,,,,,,,,,,,,,,,,,,,,,,,,,,,,,,,,,,,,,,,,,,,,,,,,,,,,,,,,,,,,,,
,Dionysus,Arven,,,,,,,,,,,,,,,,,,,,,,,,,,,,,,,,,,,,,,,,,,,,,,,,,,,,,,,,,,,,,,,,,,,,,,,,,,,,,,,,,,,,,,,,,,,,,,,,,,,,,,,,,,,,,,,,,,,,,,,,,,,,,,,,,,,,,,,,,,,,,,,,,,,,,,,,,,,,,,,,,,,,,,,,,,,,,,,,,,,,,,,,,,,,,,,,,,,,,,,,,,,,,,,,,,,,,,,,,,,,,,,,,,,,,,,,,,,,,,,,,,,,
,Eisregen,Ador.Dorath,,,,,,,,,,,,,,,,,,,,,,,,,,,,,,,,,,,,,,,,,,,,,,,,,,,,,,,,,,,,,,,,,,,,,,,,,,,,,,,,,,,,,,,,,,,,,,,,,,,,,,,,,,,,,,,,,,,,,,,,,,,,,,,,,,,,,,,,,,,,,,,,,,,,,,,,,,,,,,,,,,,,,,,,,,,,,,,,,,,,,,,,,,,,,,,,,,,,,,,,,,,,,,,,,,,,,,,,,,,,,,,,,,,,,,,,,,,,,,,,,,,,
,Leaves..Eyes,,,,,,,,,,,,,,,,,,,,,,,,,,,,,,,,,,,,,,,,,,,,,,,,,,,,,,,,,,,,,,,,,,,,,,,,,,,,,,,,,,,,,,,,,,,,,,,,,,,,,,,,,,,,,,,,,,,,,,,,,,,,,,,,,,,,,,,,,,,,,,,,,,,,,,,,,,,,,,,,,,,,,,,,,,,,,,,,,,,,,,,,,,,,,,,,,,,,,,,,,,,,,,,,,,,,,,,,,,,,,,,,,,,,,,,,,,,,,,,,,,,,,
,August.Burns.Red,,,,,,,,,,,,,,,,,,,,,,,,,,,,,,,,,,,,,,,,,,,,,,,,,,,,,,,,,,,,,,,,,,,,,,,,,,,,,,,,,,,,,,,,,,,,,,,,,,,,,,,,,,,,,,,,,,,,,,,,,,,,,,,,,,,,,,,,,,,,,,,,,,,,,,,,,,,,,,,,,,,,,,,,,,,,,,,,,,,,,,,,,,,,,,,,,,,,,,,,,,,,,,,,,,,,,,,,,,,,,,,,,,,,,,,,,,,,,,,,,,,,,
,Mar.De.Grises,,,,,,,,,,,,,,,,,,,,,,,,,,,,,,,,,,,,,,,,,,,,,,,,,,,,,,,,,,,,,,,,,,,,,,,,,,,,,,,,,,,,,,,,,,,,,,,,,,,,,,,,,,,,,,,,,,,,,,,,,,,,,,,,,,,,,,,,,,,,,,,,,,,,,,,,,,,,,,,,,,,,,,,,,,,,,,,,,,,,,,,,,,,,,,,,,,,,,,,,,,,,,,,,,,,,,,,,,,,,,,,,,,,,,,,,,,,,,,,,,,,,,
,Saint.Vitus,,,,,,,,,,,,,,,,,,,,,,,,,,,,,,,,,,,,,,,,,,,,,,,,,,,,,,,,,,,,,,,,,,,,,,,,,,,,,,,,,,,,,,,,,,,,,,,,,,,,,,,,,,,,,,,,,,,,,,,,,,,,,,,,,,,,,,,,,,,,,,,,,,,,,,,,,,,,,,,,,,,,,,,,,,,,,,,,,,,,,,,,,,,,,,,,,,,,,,,,,,,,,,,,,,,,,,,,,,,,,,,,,,,,,,,,,,,,,,,,,,,,,
,Pentagram,,,,,,,,,,,,,,,,,,,,,,,,,,,,,,,,,,,,,,,,,,,,,,,,,,,,,,,,,,,,,,,,,,,,,,,,,,,,,,,,,,,,,,,,,,,,,,,,,,,,,,,,,,,,,,,,,,,,,,,,,,,,,,,,,,,,,,,,,,,,,,,,,,,,,,,,,,,,,,,,,,,,,,,,,,,,,,,,,,,,,,,,,,,,,,,,,,,,,,,,,,,,,,,,,,,,,,,,,,,,,,,,,,,,,,,,,,,,,,,,,,,,,
,Solitude.Aeturnus,,,,,,,,,,,,,,,,,,,,,,,,,,,,,,,,,,,,,,,,,,,,,,,,,,,,,,,,,,,,,,,,,,,,,,,,,,,,,,,,,,,,,,,,,,,,,,,,,,,,,,,,,,,,,,,,,,,,,,,,,,,,,,,,,,,,,,,,,,,,,,,,,,,,,,,,,,,,,,,,,,,,,,,,,,,,,,,,,,,,,,,,,,,,,,,,,,,,,,,,,,,,,,,,,,,,,,,,,,,,,,,,,,,,,,,,,,,,,,,,,,,,,
,Avatarium,,,,,,,,,,,,,,,,,,,,,,,,,,,,,,,,,,,,,,,,,,,,,,,,,,,,,,,,,,,,,,,,,,,,,,,,,,,,,,,,,,,,,,,,,,,,,,,,,,,,,,,,,,,,,,,,,,,,,,,,,,,,,,,,,,,,,,,,,,,,,,,,,,,,,,,,,,,,,,,,,,,,,,,,,,,,,,,,,,,,,,,,,,,,,,,,,,,,,,,,,,,,,,,,,,,,,,,,,,,,,,,,,,,,,,,,,,,,,,,,,,,,,
,Forest.Stream,,,,,,,,,,,,,,,,,,,,,,,,,,,,,,,,,,,,,,,,,,,,,,,,,,,,,,,,,,,,,,,,,,,,,,,,,,,,,,,,,,,,,,,,,,,,,,,,,,,,,,,,,,,,,,,,,,,,,,,,,,,,,,,,,,,,,,,,,,,,,,,,,,,,,,,,,,,,,,,,,,,,,,,,,,,,,,,,,,,,,,,,,,,,,,,,,,,,,,,,,,,,,,,,,,,,,,,,,,,,,,,,,,,,,,,,,,,,,,,,,,,,,
,Xerath,,,,,,,,,,,,,,,,,,,,,,,,,,,,,,,,,,,,,,,,,,,,,,,,,,,,,,,,,,,,,,,,,,,,,,,,,,,,,,,,,,,,,,,,,,,,,,,,,,,,,,,,,,,,,,,,,,,,,,,,,,,,,,,,,,,,,,,,,,,,,,,,,,,,,,,,,,,,,,,,,,,,,,,,,,,,,,,,,,,,,,,,,,,,,,,,,,,,,,,,,,,,,,,,,,,,,,,,,,,,,,,,,,,,,,,,,,,,,,,,,,,,,
,X40.Watt.Sun,,,,,,,,,,,,,,,,,,,,,,,,,,,,,,,,,,,,,,,,,,,,,,,,,,,,,,,,,,,,,,,,,,,,,,,,,,,,,,,,,,,,,,,,,,,,,,,,,,,,,,,,,,,,,,,,,,,,,,,,,,,,,,,,,,,,,,,,,,,,,,,,,,,,,,,,,,,,,,,,,,,,,,,,,,,,,,,,,,,,,,,,,,,,,,,,,,,,,,,,,,,,,,,,,,,,,,,,,,,,,,,,,,,,,,,,,,,,,,,,,,,,,
,Pallbearer,,,,,,,,,,,,,,,,,,,,,,,,,,,,,,,,,,,,,,,,,,,,,,,,,,,,,,,,,,,,,,,,,,,,,,,,,,,,,,,,,,,,,,,,,,,,,,,,,,,,,,,,,,,,,,,,,,,,,,,,,,,,,,,,,,,,,,,,,,,,,,,,,,,,,,,,,,,,,,,,,,,,,,,,,,,,,,,,,,,,,,,,,,,,,,,,,,,,,,,,,,,,,,,,,,,,,,,,,,,,,,,,,,,,,,,,,,,,,,,,,,,,,
,Hellyeah,,,,,,,,,,,,,,,,,,,,,,,,,,,,,,,,,,,,,,,,,,,,,,,,,,,,,,,,,,,,,,,,,,,,,,,,,,,,,,,,,,,,,,,,,,,,,,,,,,,,,,,,,,,,,,,,,,,,,,,,,,,,,,,,,,,,,,,,,,,,,,,,,,,,,,,,,,,,,,,,,,,,,,,,,,,,,,,,,,,,,,,,,,,,,,,,,,,,,,,,,,,,,,,,,,,,,,,,,,,,,,,,,,,,,,,,,,,,,,,,,,,,,
,Sabbat,,,,,,,,,,,,,,,,,,,,,,,,,,,,,,,,,,,,,,,,,,,,,,,,,,,,,,,,,,,,,,,,,,,,,,,,,,,,,,,,,,,,,,,,,,,,,,,,,,,,,,,,,,,,,,,,,,,,,,,,,,,,,,,,,,,,,,,,,,,,,,,,,,,,,,,,,,,,,,,,,,,,,,,,,,,,,,,,,,,,,,,,,,,,,,,,,,,,,,,,,,,,,,,,,,,,,,,,,,,,,,,,,,,,,,,,,,,,,,,,,,,,,
,Reverend.Bizarre,,,,,,,,,,,,,,,,,,,,,,,,,,,,,,,,,,,,,,,,,,,,,,,,,,,,,,,,,,,,,,,,,,,,,,,,,,,,,,,,,,,,,,,,,,,,,,,,,,,,,,,,,,,,,,,,,,,,,,,,,,,,,,,,,,,,,,,,,,,,,,,,,,,,,,,,,,,,,,,,,,,,,,,,,,,,,,,,,,,,,,,,,,,,,,,,,,,,,,,,,,,,,,,,,,,,,,,,,,,,,,,,,,,,,,,,,,,,,,,,,,,,,
,Darkwater,,,,,,,,,,,,,,,,,,,,,,,,,,,,,,,,,,,,,,,,,,,,,,,,,,,,,,,,,,,,,,,,,,,,,,,,,,,,,,,,,,,,,,,,,,,,,,,,,,,,,,,,,,,,,,,,,,,,,,,,,,,,,,,,,,,,,,,,,,,,,,,,,,,,,,,,,,,,,,,,,,,,,,,,,,,,,,,,,,,,,,,,,,,,,,,,,,,,,,,,,,,,,,,,,,,,,,,,,,,,,,,,,,,,,,,,,,,,,,,,,,,,,
,Desire,,,,,,,,,,,,,,,,,,,,,,,,,,,,,,,,,,,,,,,,,,,,,,,,,,,,,,,,,,,,,,,,,,,,,,,,,,,,,,,,,,,,,,,,,,,,,,,,,,,,,,,,,,,,,,,,,,,,,,,,,,,,,,,,,,,,,,,,,,,,,,,,,,,,,,,,,,,,,,,,,,,,,,,,,,,,,,,,,,,,,,,,,,,,,,,,,,,,,,,,,,,,,,,,,,,,,,,,,,,,,,,,,,,,,,,,,,,,,,,,,,,,,
,Powerglove,,,,,,,,,,,,,,,,,,,,,,,,,,,,,,,,,,,,,,,,,,,,,,,,,,,,,,,,,,,,,,,,,,,,,,,,,,,,,,,,,,,,,,,,,,,,,,,,,,,,,,,,,,,,,,,,,,,,,,,,,,,,,,,,,,,,,,,,,,,,,,,,,,,,,,,,,,,,,,,,,,,,,,,,,,,,,,,,,,,,,,,,,,,,,,,,,,,,,,,,,,,,,,,,,,,,,,,,,,,,,,,,,,,,,,,,,,,,,,,,,,,,,
,Kypck,,,,,,,,,,,,,,,,,,,,,,,,,,,,,,,,,,,,,,,,,,,,,,,,,,,,,,,,,,,,,,,,,,,,,,,,,,,,,,,,,,,,,,,,,,,,,,,,,,,,,,,,,,,,,,,,,,,,,,,,,,,,,,,,,,,,,,,,,,,,,,,,,,,,,,,,,,,,,,,,,,,,,,,,,,,,,,,,,,,,,,,,,,,,,,,,,,,,,,,,,,,,,,,,,,,,,,,,,,,,,,,,,,,,,,,,,,,,,,,,,,,,,
,Void.Of.Silence,,,,,,,,,,,,,,,,,,,,,,,,,,,,,,,,,,,,,,,,,,,,,,,,,,,,,,,,,,,,,,,,,,,,,,,,,,,,,,,,,,,,,,,,,,,,,,,,,,,,,,,,,,,,,,,,,,,,,,,,,,,,,,,,,,,,,,,,,,,,,,,,,,,,,,,,,,,,,,,,,,,,,,,,,,,,,,,,,,,,,,,,,,,,,,,,,,,,,,,,,,,,,,,,,,,,,,,,,,,,,,,,,,,,,,,,,,,,,,,,,,,,,
,Monolithe,,,,,,,,,,,,,,,,,,,,,,,,,,,,,,,,,,,,,,,,,,,,,,,,,,,,,,,,,,,,,,,,,,,,,,,,,,,,,,,,,,,,,,,,,,,,,,,,,,,,,,,,,,,,,,,,,,,,,,,,,,,,,,,,,,,,,,,,,,,,,,,,,,,,,,,,,,,,,,,,,,,,,,,,,,,,,,,,,,,,,,,,,,,,,,,,,,,,,,,,,,,,,,,,,,,,,,,,,,,,,,,,,,,,,,,,,,,,,,,,,,,,,
,DoomSword,,,,,,,,,,,,,,,,,,,,,,,,,,,,,,,,,,,,,,,,,,,,,,,,,,,,,,,,,,,,,,,,,,,,,,,,,,,,,,,,,,,,,,,,,,,,,,,,,,,,,,,,,,,,,,,,,,,,,,,,,,,,,,,,,,,,,,,,,,,,,,,,,,,,,,,,,,,,,,,,,,,,,,,,,,,,,,,,,,,,,,,,,,,,,,,,,,,,,,,,,,,,,,,,,,,,,,,,,,,,,,,,,,,,,,,,,,,,,,,,,,,,,
,Pagan.Altar,,,,,,,,,,,,,,,,,,,,,,,,,,,,,,,,,,,,,,,,,,,,,,,,,,,,,,,,,,,,,,,,,,,,,,,,,,,,,,,,,,,,,,,,,,,,,,,,,,,,,,,,,,,,,,,,,,,,,,,,,,,,,,,,,,,,,,,,,,,,,,,,,,,,,,,,,,,,,,,,,,,,,,,,,,,,,,,,,,,,,,,,,,,,,,,,,,,,,,,,,,,,,,,,,,,,,,,,,,,,,,,,,,,,,,,,,,,,,,,,,,,,,
,Engel,,,,,,,,,,,,,,,,,,,,,,,,,,,,,,,,,,,,,,,,,,,,,,,,,,,,,,,,,,,,,,,,,,,,,,,,,,,,,,,,,,,,,,,,,,,,,,,,,,,,,,,,,,,,,,,,,,,,,,,,,,,,,,,,,,,,,,,,,,,,,,,,,,,,,,,,,,,,,,,,,,,,,,,,,,,,,,,,,,,,,,,,,,,,,,,,,,,,,,,,,,,,,,,,,,,,,,,,,,,,,,,,,,,,,,,,,,,,,,,,,,,,,
,Mael.M.rdha,,,,,,,,,,,,,,,,,,,,,,,,,,,,,,,,,,,,,,,,,,,,,,,,,,,,,,,,,,,,,,,,,,,,,,,,,,,,,,,,,,,,,,,,,,,,,,,,,,,,,,,,,,,,,,,,,,,,,,,,,,,,,,,,,,,,,,,,,,,,,,,,,,,,,,,,,,,,,,,,,,,,,,,,,,,,,,,,,,,,,,,,,,,,,,,,,,,,,,,,,,,,,,,,,,,,,,,,,,,,,,,,,,,,,,,,,,,,,,,,,,,,,
,Viikate,,,,,,,,,,,,,,,,,,,,,,,,,,,,,,,,,,,,,,,,,,,,,,,,,,,,,,,,,,,,,,,,,,,,,,,,,,,,,,,,,,,,,,,,,,,,,,,,,,,,,,,,,,,,,,,,,,,,,,,,,,,,,,,,,,,,,,,,,,,,,,,,,,,,,,,,,,,,,,,,,,,,,,,,,,,,,,,,,,,,,,,,,,,,,,,,,,,,,,,,,,,,,,,,,,,,,,,,,,,,,,,,,,,,,,,,,,,,,,,,,,,,,
,Krux,,,,,,,,,,,,,,,,,,,,,,,,,,,,,,,,,,,,,,,,,,,,,,,,,,,,,,,,,,,,,,,,,,,,,,,,,,,,,,,,,,,,,,,,,,,,,,,,,,,,,,,,,,,,,,,,,,,,,,,,,,,,,,,,,,,,,,,,,,,,,,,,,,,,,,,,,,,,,,,,,,,,,,,,,,,,,,,,,,,,,,,,,,,,,,,,,,,,,,,,,,,,,,,,,,,,,,,,,,,,,,,,,,,,,,,,,,,,,,,,,,,,,
,Orchid,,,,,,,,,,,,,,,,,,,,,,,,,,,,,,,,,,,,,,,,,,,,,,,,,,,,,,,,,,,,,,,,,,,,,,,,,,,,,,,,,,,,,,,,,,,,,,,,,,,,,,,,,,,,,,,,,,,,,,,,,,,,,,,,,,,,,,,,,,,,,,,,,,,,,,,,,,,,,,,,,,,,,,,,,,,,,,,,,,,,,,,,,,,,,,,,,,,,,,,,,,,,,,,,,,,,,,,,,,,,,,,,,,,,,,,,,,,,,,,,,,,,,
,The.11th.Hour,,,,,,,,,,,,,,,,,,,,,,,,,,,,,,,,,,,,,,,,,,,,,,,,,,,,,,,,,,,,,,,,,,,,,,,,,,,,,,,,,,,,,,,,,,,,,,,,,,,,,,,,,,,,,,,,,,,,,,,,,,,,,,,,,,,,,,,,,,,,,,,,,,,,,,,,,,,,,,,,,,,,,,,,,,,,,,,,,,,,,,,,,,,,,,,,,,,,,,,,,,,,,,,,,,,,,,,,,,,,,,,,,,,,,,,,,,,,,,,,,,,,,
,Hamfer.,,,,,,,,,,,,,,,,,,,,,,,,,,,,,,,,,,,,,,,,,,,,,,,,,,,,,,,,,,,,,,,,,,,,,,,,,,,,,,,,,,,,,,,,,,,,,,,,,,,,,,,,,,,,,,,,,,,,,,,,,,,,,,,,,,,,,,,,,,,,,,,,,,,,,,,,,,,,,,,,,,,,,,,,,,,,,,,,,,,,,,,,,,,,,,,,,,,,,,,,,,,,,,,,,,,,,,,,,,,,,,,,,,,,,,,,,,,,,,,,,,,,,
,Spiral.Architect,,,,,,,,,,,,,,,,,,,,,,,,,,,,,,,,,,,,,,,,,,,,,,,,,,,,,,,,,,,,,,,,,,,,,,,,,,,,,,,,,,,,,,,,,,,,,,,,,,,,,,,,,,,,,,,,,,,,,,,,,,,,,,,,,,,,,,,,,,,,,,,,,,,,,,,,,,,,,,,,,,,,,,,,,,,,,,,,,,,,,,,,,,,,,,,,,,,,,,,,,,,,,,,,,,,,,,,,,,,,,,,,,,,,,,,,,,,,,,,,,,,,,
,Procession,,,,,,,,,,,,,,,,,,,,,,,,,,,,,,,,,,,,,,,,,,,,,,,,,,,,,,,,,,,,,,,,,,,,,,,,,,,,,,,,,,,,,,,,,,,,,,,,,,,,,,,,,,,,,,,,,,,,,,,,,,,,,,,,,,,,,,,,,,,,,,,,,,,,,,,,,,,,,,,,,,,,,,,,,,,,,,,,,,,,,,,,,,,,,,,,,,,,,,,,,,,,,,,,,,,,,,,,,,,,,,,,,,,,,,,,,,,,,,,,,,,,,
,Khanate,,,,,,,,,,,,,,,,,,,,,,,,,,,,,,,,,,,,,,,,,,,,,,,,,,,,,,,,,,,,,,,,,,,,,,,,,,,,,,,,,,,,,,,,,,,,,,,,,,,,,,,,,,,,,,,,,,,,,,,,,,,,,,,,,,,,,,,,,,,,,,,,,,,,,,,,,,,,,,,,,,,,,,,,,,,,,,,,,,,,,,,,,,,,,,,,,,,,,,,,,,,,,,,,,,,,,,,,,,,,,,,,,,,,,,,,,,,,,,,,,,,,,
,Count.Raven,,,,,,,,,,,,,,,,,,,,,,,,,,,,,,,,,,,,,,,,,,,,,,,,,,,,,,,,,,,,,,,,,,,,,,,,,,,,,,,,,,,,,,,,,,,,,,,,,,,,,,,,,,,,,,,,,,,,,,,,,,,,,,,,,,,,,,,,,,,,,,,,,,,,,,,,,,,,,,,,,,,,,,,,,,,,,,,,,,,,,,,,,,,,,,,,,,,,,,,,,,,,,,,,,,,,,,,,,,,,,,,,,,,,,,,,,,,,,,,,,,,,,
,Vampiria,,,,,,,,,,,,,,,,,,,,,,,,,,,,,,,,,,,,,,,,,,,,,,,,,,,,,,,,,,,,,,,,,,,,,,,,,,,,,,,,,,,,,,,,,,,,,,,,,,,,,,,,,,,,,,,,,,,,,,,,,,,,,,,,,,,,,,,,,,,,,,,,,,,,,,,,,,,,,,,,,,,,,,,,,,,,,,,,,,,,,,,,,,,,,,,,,,,,,,,,,,,,,,,,,,,,,,,,,,,,,,,,,,,,,,,,,,,,,,,,,,,,,
,Genghis.Tron,,,,,,,,,,,,,,,,,,,,,,,,,,,,,,,,,,,,,,,,,,,,,,,,,,,,,,,,,,,,,,,,,,,,,,,,,,,,,,,,,,,,,,,,,,,,,,,,,,,,,,,,,,,,,,,,,,,,,,,,,,,,,,,,,,,,,,,,,,,,,,,,,,,,,,,,,,,,,,,,,,,,,,,,,,,,,,,,,,,,,,,,,,,,,,,,,,,,,,,,,,,,,,,,,,,,,,,,,,,,,,,,,,,,,,,,,,,,,,,,,,,,,
,Canaan,,,,,,,,,,,,,,,,,,,,,,,,,,,,,,,,,,,,,,,,,,,,,,,,,,,,,,,,,,,,,,,,,,,,,,,,,,,,,,,,,,,,,,,,,,,,,,,,,,,,,,,,,,,,,,,,,,,,,,,,,,,,,,,,,,,,,,,,,,,,,,,,,,,,,,,,,,,,,,,,,,,,,,,,,,,,,,,,,,,,,,,,,,,,,,,,,,,,,,,,,,,,,,,,,,,,,,,,,,,,,,,,,,,,,,,,,,,,,,,,,,,,,
,iwrestledabearonce,,,,,,,,,,,,,,,,,,,,,,,,,,,,,,,,,,,,,,,,,,,,,,,,,,,,,,,,,,,,,,,,,,,,,,,,,,,,,,,,,,,,,,,,,,,,,,,,,,,,,,,,,,,,,,,,,,,,,,,,,,,,,,,,,,,,,,,,,,,,,,,,,,,,,,,,,,,,,,,,,,,,,,,,,,,,,,,,,,,,,,,,,,,,,,,,,,,,,,,,,,,,,,,,,,,,,,,,,,,,,,,,,,,,,,,,,,,,,,,,,,,,,
,Lamented.Souls,,,,,,,,,,,,,,,,,,,,,,,,,,,,,,,,,,,,,,,,,,,,,,,,,,,,,,,,,,,,,,,,,,,,,,,,,,,,,,,,,,,,,,,,,,,,,,,,,,,,,,,,,,,,,,,,,,,,,,,,,,,,,,,,,,,,,,,,,,,,,,,,,,,,,,,,,,,,,,,,,,,,,,,,,,,,,,,,,,,,,,,,,,,,,,,,,,,,,,,,,,,,,,,,,,,,,,,,,,,,,,,,,,,,,,,,,,,,,,,,,,,,,
,The.Gates.Of.Slumber,,,,,,,,,,,,,,,,,,,,,,,,,,,,,,,,,,,,,,,,,,,,,,,,,,,,,,,,,,,,,,,,,,,,,,,,,,,,,,,,,,,,,,,,,,,,,,,,,,,,,,,,,,,,,,,,,,,,,,,,,,,,,,,,,,,,,,,,,,,,,,,,,,,,,,,,,,,,,,,,,,,,,,,,,,,,,,,,,,,,,,,,,,,,,,,,,,,,,,,,,,,,,,,,,,,,,,,,,,,,,,,,,,,,,,,,,,,,,,,,,,,,,
,Khemmis,,,,,,,,,,,,,,,,,,,,,,,,,,,,,,,,,,,,,,,,,,,,,,,,,,,,,,,,,,,,,,,,,,,,,,,,,,,,,,,,,,,,,,,,,,,,,,,,,,,,,,,,,,,,,,,,,,,,,,,,,,,,,,,,,,,,,,,,,,,,,,,,,,,,,,,,,,,,,,,,,,,,,,,,,,,,,,,,,,,,,,,,,,,,,,,,,,,,,,,,,,,,,,,,,,,,,,,,,,,,,,,,,,,,,,,,,,,,,,,,,,,,,
,Apocalyptica,,,,,,,,,,,,,,,,,,,,,,,,,,,,,,,,,,,,,,,,,,,,,,,,,,,,,,,,,,,,,,,,,,,,,,,,,,,,,,,,,,,,,,,,,,,,,,,,,,,,,,,,,,,,,,,,,,,,,,,,,,,,,,,,,,,,,,,,,,,,,,,,,,,,,,,,,,,,,,,,,,,,,,,,,,,,,,,,,,,,,,,,,,,,,,,,,,,,,,,,,,,,,,,,,,,,,,,,,,,,,,,,,,,,,,,,,,,,,,,,,,,,,
